Иван Акимов,504-845-1427,1951-09-18
Вероника Алексеева,810-374-9840,1913-09-17
Олег Алешин,856-264-4130,2091-04-25
Иван Богданов,907-921-2010,1963-01-20
Александр Борисов,513-549-4561,1910-06-11
Константин Быков,419-800-6759,2097-10-30
Мария Быкова,773-924-8565,1938-04-20
Вероника Винокурова,408-813-1105,2005-08-17
Даниил Воронов,605-794-4895,1918-09-15
Георгий Высоцкий,410-804-4694,2088-10-31
Валентина Гаврилова,215-422-8694,2096-10-10
Яна Горбачева,631-677-3675,1919-01-05
Максим Громов,310-254-3084,2069-06-06
Ксения Давыдова,440-579-7763,1911-10-05
Кристина Егорова,956-841-7216,1937-02-12
Екатерина Иванова,602-953-6360,1959-10-11
Виктория Комарова,931-235-7959,1911-09-09
Алексей Корнилов,414-377-2880,2086-05-14
София Коршунова,313-341-4470,2074-03-21
Мария Краснова,815-426-5657,2093-04-23
Валентина Кузнецова,610-492-4643,2030-10-17
Михаил Кузьмин,408-813-4592,1998-10-13
Мия Ларина,972-896-4882,1908-09-19
Василий Ларионов,518-448-8982,2043-01-02
Михаил Масленников,732-635-3453,2083-09-17
Илья Митрофанов,715-530-9863,2042-10-15
Полина Морозова,913-899-1103,1958-03-18
Евгения Муратова,410-235-8738,1931-11-18
Марк Наумов,212-934-5167,2054-09-07
Илья Никитин,936-597-3614,1988-06-20
Даниил Новиков,614-648-3265,1961-10-27
Мария Панова,505-335-5293,2044-06-24
Леонид Петров,201-387-9093,1976-05-27
Арина Петрова,732-782-6701,1910-04-23
Андрей Попов,212-753-2740,1981-02-10
Милана Попова,504-265-8174,1943-04-27
Захар Потапов,212-569-4233,2075-02-10
Артём Родионов,805-609-1531,1934-03-19
Василиса Рябова,210-300-6244,1901-05-11
Михаил Сергеев,785-219-7724,2012-01-21
Дарья Сергеева,541-993-2611,2043-12-16
Мария Сидорова,913-645-8918,2078-08-10
Василиса Соколова,907-335-6568,2039-05-09
Анастасия Сорокина,305-995-2078,1971-12-28
Татьяна Степанова,907-227-6777,1983-06-17
Павел Федоров,952-479-2375,2024-11-20
Артём Федоров,617-997-5771,2050-11-27
София Фирсова,323-315-7314,1961-02-01
Андрей Шишкин,608-658-7940,1993-03-25
Иван Яковлев,215-794-4519,2072-08-11
